1,CE222,25/02/18,9:00,11:00
2,PH202,25/02/18,9:00,11:00
3,EE626,25/02/18,9:00,11:00
4,ME532,25/02/18,9:00,11:00
5,ME691,25/02/18,9:00,11:00
6,BT629,25/02/18,9:00,11:00
7,CL612,25/02/18,9:00,11:00
8,PH523,25/02/18,9:00,11:00
9,MA505,25/02/18,9:00,11:00
10,MA685,25/02/18,9:00,11:00
11,ME662,25/02/18,9:00,11:00
12,HS512,25/02/18,9:00,11:00
13,BT616,25/02/18,14:00,16:00
14,CL642,25/02/18,14:00,16:00
15,CH637,25/02/18,14:00,16:00
16,MA616,25/02/18,14:00,16:00
17,MA622,25/02/18,14:00,16:00
18,HS621,25/02/18,14:00,16:00
19,CE222,28/04/18,9:00,12:00
20,PH202,28/04/18,9:00,12:00
21,EE626,28/04/18,9:00,12:00
22,ME532,28/04/18,9:00,12:00
23,ME691,28/04/18,9:00,12:00
24,BT629,28/04/18,9:00,12:00
25,CL612,28/04/18,9:00,12:00
26,PH523,28/04/18,9:00,12:00
27,MA505,28/04/18,9:00,12:00
28,MA685,28/04/18,9:00,12:00
29,ME662,28/04/18,9:00,12:00
30,HS512,28/04/18,9:00,12:00
31,BT616,28/04/18,14:00,17:00
32,CL642,28/04/18,14:00,17:00
33,CH637,28/04/18,14:00,17:00
34,MA616,28/04/18,14:00,17:00
35,MA622,28/04/18,14:00,17:00
36,HS621,28/04/18,14:00,17:00
37,CS222,26/02/18,9:00,11:00
38,EE270,26/02/18,9:00,11:00
39,ME221,26/02/18,9:00,11:00
40,CE201,26/02/18,9:00,11:00
41,DD211,26/02/18,9:00,11:00
42,BT202,26/02/18,9:00,11:00
43,CL204,26/02/18,9:00,11:00
44,PH206,26/02/18,9:00,11:00
45,CH212,26/02/18,9:00,11:00
46,HS406,26/02/18,9:00,11:00
47,HS409,26/02/18,9:00,11:00
48,HS413,26/02/18,9:00,11:00
49,HS414,26/02/18,9:00,11:00
50,HS415,26/02/18,9:00,11:00
51,HS420,26/02/18,9:00,11:00
52,HS421,26/02/18,9:00,11:00
53,HS422,26/02/18,9:00,11:00
54,HS424,26/02/18,9:00,11:00
55,HS425,26/02/18,9:00,11:00
56,EE525,26/02/18,9:00,11:00
57,EE551,26/02/18,9:00,11:00
58,CE504,26/02/18,9:00,11:00
59,CE524,26/02/18,9:00,11:00
60,CE533,26/02/18,9:00,11:00
61,CE584,26/02/18,9:00,11:00
62,CE595,26/02/18,9:00,11:00
63,DD707,26/02/18,9:00,11:00
64,BT504,26/02/18,9:00,11:00
65,CL503,26/02/18,9:00,11:00
66,PH402,26/02/18,9:00,11:00
67,CH411,26/02/18,9:00,11:00
68,CH501,26/02/18,9:00,11:00
69,CH603,26/02/18,9:00,11:00
70,MA512,26/02/18,9:00,11:00
71,MA625,26/02/18,9:00,11:00
72,CS101,26/02/18,14:00,16:00
73,MA321,26/02/18,14:00,16:00
74,EE333,26/02/18,14:00,16:00
75,EE385,26/02/18,14:00,16:00
76,ME321,26/02/18,14:00,16:00
77,CE304,26/02/18,14:00,16:00
78,DD314,26/02/18,14:00,16:00
79,BT302,26/02/18,14:00,16:00
80,CL307,26/02/18,14:00,16:00
81,PH302,26/02/18,14:00,16:00
82,CH323,26/02/18,14:00,16:00
83,MA321,26/02/18,14:00,16:00
84,CS503,26/02/18,14:00,16:00
85,EE625,26/02/18,14:00,16:00
86,EE643,26/02/18,14:00,16:00
87,EE673,26/02/18,14:00,16:00
88,ME553,26/02/18,14:00,16:00
89,ME616,26/02/18,14:00,16:00
90,ME665,26/02/18,14:00,16:00
91,ME670,26/02/18,14:00,16:00
92,CE514,26/02/18,14:00,16:00
93,CL619,26/02/18,14:00,16:00
94,CL634,26/02/18,14:00,16:00
95,CS503,26/02/18,14:00,16:00
96,EE625,26/02/18,14:00,16:00
97,EE643,26/02/18,14:00,16:00
98,EE673,26/02/18,14:00,16:00
99,ME553,26/02/18,14:00,16:00
100,ME616,26/02/18,14:00,16:00
101,ME665,26/02/18,14:00,16:00
102,ME670,26/02/18,14:00,16:00
103,CE514,26/02/18,14:00,16:00
104,CE556,26/02/18,14:00,16:00
105,CE583,26/02/18,14:00,16:00
106,CE594,26/02/18,14:00,16:00
107,DD704,26/02/18,14:00,16:00
108,CL619,26/02/18,14:00,16:00
109,CL634,26/02/18,14:00,16:00
110,PH527,26/02/18,14:00,16:00
111,PH702,26/02/18,14:00,16:00
112,MA571,26/02/18,14:00,16:00
113,RT514,26/02/18,14:00,16:00
114,CS222,29/04/18,9:00,12:00
115,EE270,29/04/18,9:00,12:00
116,ME221,29/04/18,9:00,12:00
117,CE201,29/04/18,9:00,12:00
118,DD211,29/04/18,9:00,12:00
119,BT202,29/04/18,9:00,12:00
120,CL204,29/04/18,9:00,12:00
121,PH206,29/04/18,9:00,12:00
122,CH212,29/04/18,9:00,12:00
123,HS406,29/04/18,9:00,12:00
124,HS409,29/04/18,9:00,12:00
125,HS413,29/04/18,9:00,12:00
126,HS414,29/04/18,9:00,12:00
127,HS415,29/04/18,9:00,12:00
128,HS420,29/04/18,9:00,12:00
129,HS421,29/04/18,9:00,12:00
130,HS422,29/04/18,9:00,12:00
131,HS424,29/04/18,9:00,12:00
132,HS425,29/04/18,9:00,12:00
133,EE525,29/04/18,9:00,12:00
134,EE551,29/04/18,9:00,12:00
135,CE504,29/04/18,9:00,12:00
136,CE524,29/04/18,9:00,12:00
137,CE533,29/04/18,9:00,12:00
138,CE584,29/04/18,9:00,12:00
139,CE595,29/04/18,9:00,12:00
140,DD707,29/04/18,9:00,12:00
141,BT504,29/04/18,9:00,12:00
142,CL503,29/04/18,9:00,12:00
143,PH402,29/04/18,9:00,12:00
144,CH411,29/04/18,9:00,12:00
145,CH501,29/04/18,9:00,12:00
146,CH603,29/04/18,9:00,12:00
147,MA512,29/04/18,9:00,12:00
148,MA625,29/04/18,9:00,12:00
149,CS101,29/04/18,14:00,17:00
150,MA321,29/04/18,14:00,17:00
151,EE333,29/04/18,14:00,17:00
152,EE385,29/04/18,14:00,17:00
153,ME321,29/04/18,14:00,17:00
154,CE304,29/04/18,14:00,17:00
155,DD314,29/04/18,14:00,17:00
156,BT302,29/04/18,14:00,17:00
157,CL307,29/04/18,14:00,17:00
158,PH302,29/04/18,14:00,17:00
159,CH323,29/04/18,14:00,17:00
160,MA321,29/04/18,14:00,17:00
161,CS503,29/04/18,14:00,17:00
162,EE625,29/04/18,14:00,17:00
163,EE643,29/04/18,14:00,17:00
164,EE673,29/04/18,14:00,17:00
165,ME553,29/04/18,14:00,17:00
166,ME616,29/04/18,14:00,17:00
167,ME665,29/04/18,14:00,17:00
168,ME670,29/04/18,14:00,17:00
169,CE514,29/04/18,14:00,17:00
170,CL619,29/04/18,14:00,17:00
171,CL634,29/04/18,14:00,17:00
172,CS503,29/04/18,14:00,17:00
173,EE625,29/04/18,14:00,17:00
174,EE634,29/04/18,14:00,17:00
175,EE673,29/04/18,14:00,17:00
176,ME553,29/04/18,14:00,17:00
177,ME616,29/04/18,14:00,17:00
178,ME665,29/04/18,14:00,17:00
179,ME670,29/04/18,14:00,17:00
180,CE514,29/04/18,14:00,17:00
181,CE556,29/04/18,14:00,17:00
182,CE583,29/04/18,14:00,17:00
183,CE594,29/04/18,14:00,17:00
184,DD704,29/04/18,14:00,17:00
185,CL619,29/04/18,14:00,17:00
186,CL634,29/04/18,14:00,17:00
187,PH527,29/04/18,14:00,17:00
188,PH702,29/04/18,14:00,17:00
189,MA571,29/04/18,14:00,17:00
190,RT514,29/04/18,14:00,17:00
191,CS203,27/02/18,9:00,11:00
192,EE221,27/02/18,9:00,11:00
193,ME222,27/02/18,9:00,11:00
194,CE220,27/02/18,9:00,11:00
195,DD212,27/02/18,9:00,11:00
196,CL205,27/02/18,9:00,11:00
197,PH204,27/02/18,9:00,11:00
198,CH222,27/02/18,9:00,11:00
199,MA252,27/02/18,9:00,11:00
200,CS525,27/02/18,9:00,11:00
201,ME421,27/02/18,9:00,11:00
202,CE402,27/02/18,9:00,11:00
203,BT604,27/02/18,9:00,11:00
204,BT607,27/02/18,9:00,11:00
205,PH462,27/02/18,9:00,11:00
206,CH417,27/02/18,9:00,11:00
207,MA473,27/02/18,9:00,11:00
208,EE503,27/02/18,9:00,11:00
209,EE533,27/02/18,9:00,11:00
210,CE525,27/02/18,9:00,11:00
211,CE534,27/02/18,9:00,11:00
212,CE555,27/02/18,9:00,11:00
213,DD705,27/02/18,9:00,11:00
214,CL504,27/02/18,9:00,11:00
215,PH404,27/02/18,9:00,11:00
216,CH421,27/02/18,9:00,11:00
217,CH611,27/02/18,9:00,11:00
218,MA542,27/02/18,9:00,11:00
219,MA662,27/02/18,9:00,11:00
220,HS502,27/02/18,9:00,11:00
221,ME101,27/02/18,14:00,16:00
222,CS346,27/02/18,14:00,16:00
223,EE360,27/02/18,14:00,16:00
224,ME322,27/02/18,14:00,16:00
225,CE307,27/02/18,14:00,16:00
226,DD313,27/02/18,14:00,16:00
227,BT601,27/02/18,14:00,16:00
228,CL308,27/02/18,14:00,16:00
229,PH304,27/02/18,14:00,16:00
230,CH333,27/02/18,14:00,16:00
231,MA351,27/02/18,14:00,16:00
232,EE621,27/02/18,14:00,16:00
233,EE653,27/02/18,14:00,16:00
234,EE667,27/02/18,14:00,16:00
235,ME607,27/02/18,14:00,16:00
236,CE606,27/02/18,14:00,16:00
237,CL618,27/02/18,14:00,16:00
238,CL638,27/02/18,14:00,16:00
239,ME554,27/02/18,14:00,16:00
240,ME607,27/02/18,14:00,16:00
241,ME680,27/02/18,14:00,16:00
242,CE564,27/02/18,14:00,16:00
243,CE606,27/02/18,14:00,16:00
244,CE612,27/02/18,14:00,16:00
245,CE628,27/02/18,14:00,16:00
246,DD529,27/02/18,14:00,16:00
247,PH531,27/02/18,14:00,16:00
248,PH703,27/02/18,14:00,16:00
249,CH625,27/02/18,14:00,16:00
250,MA573,27/02/18,14:00,16:00
251,HS623,27/02/18,14:00,16:00
252,RT515,27/02/18,14:00,16:00
253,CS203,01/05/18,9:00,12:00
254,EE221,01/05/18,9:00,12:00
255,ME222,01/05/18,9:00,12:00
256,CE220,01/05/18,9:00,12:00
257,DD212,01/05/18,9:00,12:00
258,CL205,01/05/18,9:00,12:00
259,PH204,01/05/18,9:00,12:00
260,CH222,01/05/18,9:00,12:00
261,MA252,01/05/18,9:00,12:00
262,CS525,01/05/18,9:00,12:00
263,ME421,01/05/18,9:00,12:00
264,CE402,01/05/18,9:00,12:00
265,BT604,01/05/18,9:00,12:00
266,BT607,01/05/18,9:00,12:00
267,PH462,01/05/18,9:00,12:00
268,CH417,01/05/18,9:00,12:00
269,MA473,01/05/18,9:00,12:00
270,EE503,01/05/18,9:00,12:00
271,EE533,01/05/18,9:00,12:00
272,CE525,01/05/18,9:00,12:00
273,CE534,01/05/18,9:00,12:00
274,CE555,01/05/18,9:00,12:00
275,DD705,01/05/18,9:00,12:00
276,CL504,01/05/18,9:00,12:00
277,PH404,01/05/18,9:00,12:00
278,CH421,01/05/18,9:00,12:00
279,CH611,01/05/18,9:00,12:00
280,MA542,01/05/18,9:00,12:00
281,MA662,01/05/18,9:00,12:00
282,HS502,01/05/18,9:00,12:00
283,ME101,01/05/18,14:00,17:00
284,CS346,01/05/18,14:00,17:00
285,EE360,01/05/18,14:00,17:00
286,ME322,01/05/18,14:00,17:00
287,CE307,01/05/18,14:00,17:00
288,DD313,01/05/18,14:00,17:00
289,BT601,01/05/18,14:00,17:00
290,CL308,01/05/18,14:00,17:00
291,PH304,01/05/18,14:00,17:00
292,CH333,01/05/18,14:00,17:00
293,MA351,01/05/18,14:00,17:00
294,EE621,01/05/18,14:00,17:00
295,EE653,01/05/18,14:00,17:00
296,EE667,01/05/18,14:00,17:00
297,ME607,01/05/18,14:00,17:00
298,CE606,01/05/18,14:00,17:00
299,CL618,01/05/18,14:00,17:00
300,CL638,01/05/18,14:00,17:00
301,ME554,01/05/18,14:00,17:00
302,ME607,01/05/18,14:00,17:00
303,ME680,01/05/18,14:00,17:00
304,CE564,01/05/18,14:00,17:00
305,CE606,01/05/18,14:00,17:00
306,CE612,01/05/18,14:00,17:00
307,CE628,01/05/18,14:00,17:00
308,DD529,01/05/18,14:00,17:00
309,PH531,01/05/18,14:00,17:00
310,PH703,01/05/18,14:00,17:00
311,CH625,01/05/18,14:00,17:00
312,MA573,01/05/18,14:00,17:00
313,HS623,01/05/18,14:00,17:00
314,RT515,01/05/18,14:00,17:00
315,CS242,28/02/18,9:00,11:00
316,EE203,28/02/18,9:00,11:00
317,ME223,28/02/18,9:00,11:00
318,CE206,28/02/18,9:00,11:00
319,DD213,28/02/18,9:00,11:00
320,BT205,28/02/18,9:00,11:00
321,CL207,28/02/18,9:00,11:00
322,BT205,28/02/18,9:00,11:00
323,CH232,28/02/18,9:00,11:00
324,MA271,28/02/18,9:00,11:00
325,CS526,28/02/18,9:00,11:00
326,EE664,28/02/18,9:00,11:00
327,EE671,28/02/18,9:00,11:00
328,ME609,28/02/18,9:00,11:00
329,CE616,28/02/18,9:00,11:00
330,CE552,28/02/18,9:00,11:00
331,BT632,28/02/18,9:00,11:00
332,BT630,28/02/18,9:00,11:00
333,CL639,28/02/18,9:00,11:00
334,PH443,28/02/18,9:00,11:00
335,CH438,28/02/18,9:00,11:00
336,EN671,28/02/18,9:00,11:00
337,LS621,28/02/18,9:00,11:00
338,DD441,28/02/18,9:00,11:00
339,MA513,28/02/18,9:00,11:00
340,EE580,28/02/18,9:00,11:00
341,CE505,28/02/18,9:00,11:00
342,CE661,28/02/18,9:00,11:00
343,PH406,28/02/18,9:00,11:00
344,CH432,28/02/18,9:00,11:00
345,CH621,28/02/18,9:00,11:00
346,CH643,28/02/18,9:00,11:00
347,MA590,28/02/18,9:00,11:00
348,MA643,28/02/18,9:00,11:00
349,HS517,28/02/18,9:00,11:00
350,MA102,28/02/18,14:00,16:00
351,DD112,28/02/18,14:00,16:00
352,CS344,28/02/18,14:00,16:00
353,EE340,28/02/18,14:00,16:00
354,ME324,28/02/18,14:00,16:00
355,CE308,28/02/18,14:00,16:00
356,DD312,28/02/18,14:00,16:00
357,BT308,28/02/18,14:00,16:00
358,CL309,28/02/18,14:00,16:00
359,PH306,28/02/18,14:00,16:00
360,ME324,28/02/18,14:00,16:00
361,EE668,28/02/18,14:00,16:00
362,CE607,28/02/18,14:00,16:00
363,CL617,28/02/18,14:00,16:00
364,CL623,28/02/18,14:00,16:00
365,MA561,28/02/18,14:00,16:00
366,CS242,02/05/18,9:00,12:00
367,EE203,02/05/18,9:00,12:00
368,ME223,02/05/18,9:00,12:00
369,CE206,02/05/18,9:00,12:00
370,DD213,02/05/18,9:00,12:00
371,BT205,02/05/18,9:00,12:00
372,CL207,02/05/18,9:00,12:00
373,BT205,02/05/18,9:00,12:00
374,CH232,02/05/18,9:00,12:00
375,MA271,02/05/18,9:00,12:00
376,CS526,02/05/18,9:00,12:00
377,EE664,02/05/18,9:00,12:00
378,EE671,02/05/18,9:00,12:00
379,ME609,02/05/18,9:00,12:00
380,CE616,02/05/18,9:00,12:00
381,CE552,02/05/18,9:00,12:00
382,BT632,02/05/18,9:00,12:00
383,BT630,02/05/18,9:00,12:00
384,CL639,02/05/18,9:00,12:00
385,PH443,02/05/18,9:00,12:00
386,CH438,02/05/18,9:00,12:00
387,EN671,02/05/18,9:00,12:00
388,LS621,02/05/18,9:00,12:00
389,DD441,02/05/18,9:00,12:00
390,MA513,02/05/18,9:00,12:00
391,EE580,02/05/18,9:00,12:00
392,CE505,02/05/18,9:00,12:00
393,CE661,02/05/18,9:00,12:00
394,PH406,02/05/18,9:00,12:00
395,CH432,02/05/18,9:00,12:00
396,CH621,02/05/18,9:00,12:00
397,CH643,02/05/18,9:00,12:00
398,MA590,02/05/18,9:00,12:00
399,MA643,02/05/18,9:00,12:00
400,HS517,02/05/18,9:00,12:00
401,MA102,02/05/18,14:00,17:00
402,DD112,02/05/18,14:00,17:00
403,CS344,02/05/18,14:00,17:00
404,EE340,02/05/18,14:00,17:00
405,ME324,02/05/18,14:00,17:00
406,CE308,02/05/18,14:00,17:00
407,DD312,02/05/18,14:00,17:00
408,BT308,02/05/18,14:00,17:00
409,CL309,02/05/18,14:00,17:00
410,PH306,02/05/18,14:00,17:00
411,ME324,02/05/18,14:00,17:00
412,EE668,02/05/18,14:00,17:00
413,CE607,02/05/18,14:00,17:00
414,CL617,02/05/18,14:00,17:00
415,CL623,02/05/18,14:00,17:00
416,MA561,02/05/18,14:00,17:00
417,CS204,01/03/18,9:00,11:00
418,EE230,01/03/18,9:00,11:00
419,ME224,01/03/18,9:00,11:00
420,CE205,01/03/18,9:00,11:00
421,DD215,01/03/18,9:00,11:00
422,BT208,01/03/18,9:00,11:00
423,CL206,01/03/18,9:00,11:00
424,CH233,01/03/18,9:00,11:00
425,MA224,01/03/18,9:00,11:00
426,ME522,01/03/18,9:00,11:00
427,ME672,01/03/18,9:00,11:00
428,DD510,01/03/18,9:00,11:00
429,DD616,01/03/18,9:00,11:00
430,DD602,01/03/18,9:00,11:00
431,BT609,01/03/18,9:00,11:00
432,CL404,01/03/18,9:00,11:00
433,PH414,01/03/18,9:00,11:00
434,CH418,01/03/18,9:00,11:00
435,MA502,01/03/18,9:00,11:00
436,CS666,01/03/18,9:00,11:00
437,EE534,01/03/18,9:00,11:00
438,EE663,01/03/18,9:00,11:00
439,ME522,01/03/18,9:00,11:00
440,ME605,01/03/18,9:00,11:00
441,CE510,01/03/18,9:00,11:00
442,PH408,01/03/18,9:00,11:00
443,CH433,01/03/18,9:00,11:00
444,CH623,01/03/18,9:00,11:00
445,MA547,01/03/18,9:00,11:00
446,MA762,01/03/18,9:00,11:00
447,BT101,01/03/18,14:00,16:00
448,DD111,01/03/18,14:00,16:00
449,CS348,01/03/18,14:00,16:00
450,EE337,01/03/18,14:00,16:00
451,EE351,01/03/18,14:00,16:00
452,ME323,01/03/18,14:00,16:00
453,CE309,01/03/18,14:00,16:00
454,DD315,01/03/18,14:00,16:00
455,BT305,01/03/18,14:00,16:00
456,CL314,01/03/18,14:00,16:00
457,PH308,01/03/18,14:00,16:00
458,CH322,01/03/18,14:00,16:00
459,CS549,01/03/18,14:00,16:00
460,EE631,01/03/18,14:00,16:00
461,EE642,01/03/18,14:00,16:00
462,EE648,01/03/18,14:00,16:00
463,CE643,01/03/18,14:00,16:00
464,CL614,01/03/18,14:00,16:00
465,CL622,01/03/18,14:00,16:00
466,MA671,01/03/18,14:00,16:00
467,PH534,01/03/18,14:00,16:00
468,PH706,01/03/18,14:00,16:00
469,MA671,01/03/18,14:00,16:00
470,RT517,01/03/18,14:00,16:00
471,HS622,01/03/18,14:00,16:00
472,CS204,03/05/18,9:00,12:00
473,EE230,03/05/18,9:00,12:00
474,ME224,03/05/18,9:00,12:00
475,CE205,03/05/18,9:00,12:00
476,DD215,03/05/18,9:00,12:00
477,BT208,03/05/18,9:00,12:00
478,CL206,03/05/18,9:00,12:00
479,CH233,03/05/18,9:00,12:00
480,MA224,03/05/18,9:00,12:00
481,ME522,03/05/18,9:00,12:00
482,ME672,03/05/18,9:00,12:00
483,DD510,03/05/18,9:00,12:00
484,DD616,03/05/18,9:00,12:00
485,DD602,03/05/18,9:00,12:00
486,BT609,03/05/18,9:00,12:00
487,CL404,03/05/18,9:00,12:00
488,PH414,03/05/18,9:00,12:00
489,CH418,03/05/18,9:00,12:00
490,MA502,03/05/18,9:00,12:00
491,CS666,03/05/18,9:00,12:00
492,EE534,03/05/18,9:00,12:00
493,EE663,03/05/18,9:00,12:00
494,ME522,03/05/18,9:00,12:00
495,ME605,03/05/18,9:00,12:00
496,CE510,03/05/18,9:00,12:00
497,PH408,03/05/18,9:00,12:00
498,CH433,03/05/18,9:00,12:00
499,CH623,03/05/18,9:00,12:00
500,MA547,03/05/18,9:00,12:00
501,MA762,03/05/18,9:00,12:00
502,BT101,03/05/18,14:00,17:00
503,DD111,03/05/18,14:00,17:00
504,CS348,03/05/18,14:00,17:00
505,EE337,03/05/18,14:00,17:00
506,EE351,03/05/18,14:00,17:00
507,ME323,03/05/18,14:00,17:00
508,CE309,03/05/18,14:00,17:00
509,DD315,03/05/18,14:00,17:00
510,BT305,03/05/18,14:00,17:00
511,CL314,03/05/18,14:00,17:00
512,PH308,03/05/18,14:00,17:00
513,CH322,03/05/18,14:00,17:00
514,CS549,03/05/18,14:00,17:00
515,EE631,03/05/18,14:00,17:00
516,EE642,03/05/18,14:00,17:00
517,EE648,03/05/18,14:00,17:00
518,CE643,03/05/18,14:00,17:00
519,CL614,03/05/18,14:00,17:00
520,CL622,03/05/18,14:00,17:00
521,MA671,03/05/18,14:00,17:00
522,PH534,03/05/18,14:00,17:00
523,PH706,03/05/18,14:00,17:00
524,MA671,03/05/18,14:00,17:00
525,RT517,03/05/18,14:00,17:00
526,HS622,03/05/18,14:00,17:00
527,HS203,03/03/18,9:00,11:00
528,HS212,03/03/18,9:00,11:00
529,HS213,03/03/18,9:00,11:00
530,HS220,03/03/18,9:00,11:00
531,HS224,03/03/18,9:00,11:00
532,HS226,03/03/18,9:00,11:00
533,HS234,03/03/18,9:00,11:00
534,HS238,03/03/18,9:00,11:00
535,HS239,03/03/18,9:00,11:00
536,HS242,03/03/18,9:00,11:00
537,HS243,03/03/18,9:00,11:00
538,DD316,03/03/18,9:00,11:00
539,CS501,03/03/18,9:00,11:00
540,ME615,03/03/18,9:00,11:00
541,ME686,03/03/18,9:00,11:00
542,ME688,03/03/18,9:00,11:00
543,ME695,03/03/18,9:00,11:00
544,DD521,03/03/18,9:00,11:00
545,DD527,03/03/18,9:00,11:00
546,BT401,03/03/18,9:00,11:00
547,CL401,03/03/18,9:00,11:00
548,PH521,03/03/18,9:00,11:00
549,CH428,03/03/18,9:00,11:00
550,MA477,03/03/18,9:00,11:00
551,EE561,03/03/18,9:00,11:00
552,EE636,03/03/18,9:00,11:00
553,EE652,03/03/18,9:00,11:00
554,ME615,03/03/18,9:00,11:00
555,ME686,03/03/18,9:00,11:00
556,ME688,03/03/18,9:00,11:00
557,ME695,03/03/18,9:00,11:00
558,CE608,03/03/18,9:00,11:00
559,CE649,03/03/18,9:00,11:00
560,DD509,03/03/18,9:00,11:00
561,DD512,03/03/18,9:00,11:00
562,BT502,03/03/18,9:00,11:00
563,PH410,03/03/18,9:00,11:00
564,CH630,03/03/18,9:00,11:00
565,MA519,03/03/18,9:00,11:00
566,MA591,03/03/18,9:00,11:00
567,MA642,03/03/18,9:00,11:00
568,PH102,03/03/18,14:00,16:00
569,EE657,03/03/18,14:00,16:00
570,CL625,03/03/18,14:00,16:00
571,PH446,03/03/18,14:00,16:00
572,CH419,03/03/18,14:00,16:00
573,DD306,03/03/18,14:00,16:00
574,DD514,03/03/18,14:00,16:00
575,CE311,03/03/18,14:00,16:00
576,ME325,03/03/18,14:00,16:00
577,BT306,03/03/18,14:00,16:00
578,MA373,03/03/18,14:00,16:00
579,CS561,03/03/18,14:00,16:00
580,EE632,03/03/18,14:00,16:00
581,EE646,03/03/18,14:00,16:00
582,EE647,03/03/18,14:00,16:00
583,CE648,03/03/18,14:00,16:00
584,CL625,03/03/18,14:00,16:00
585,MA641,03/03/18,14:00,16:00
586,ME513,03/03/18,14:00,16:00
587,PH545,03/03/18,14:00,16:00
588,CH640,03/03/18,14:00,16:00
589,HS203,04/05/18,9:00,12:00
590,HS212,04/05/18,9:00,12:00
591,HS213,04/05/18,9:00,12:00
592,HS220,04/05/18,9:00,12:00
593,HS224,04/05/18,9:00,12:00
594,HS226,04/05/18,9:00,12:00
595,HS234,04/05/18,9:00,12:00
596,HS238,04/05/18,9:00,12:00
597,HS239,04/05/18,9:00,12:00
598,HS242,04/05/18,9:00,12:00
599,HS243,04/05/18,9:00,12:00
600,DD316,04/05/18,9:00,12:00
601,CS501,04/05/18,9:00,12:00
602,ME615,04/05/18,9:00,12:00
603,ME686,04/05/18,9:00,12:00
604,ME688,04/05/18,9:00,12:00
605,ME695,04/05/18,9:00,12:00
606,DD521,04/05/18,9:00,12:00
607,DD527,04/05/18,9:00,12:00
608,BT401,04/05/18,9:00,12:00
609,CL401,04/05/18,9:00,12:00
610,PH521,04/05/18,9:00,12:00
611,CH428,04/05/18,9:00,12:00
612,MA477,04/05/18,9:00,12:00
613,EE561,04/05/18,9:00,12:00
614,EE636,04/05/18,9:00,12:00
615,EE652,04/05/18,9:00,12:00
616,ME615,04/05/18,9:00,12:00
617,ME686,04/05/18,9:00,12:00
618,ME688,04/05/18,9:00,12:00
619,ME695,04/05/18,9:00,12:00
620,CE608,04/05/18,9:00,12:00
621,CE649,04/05/18,9:00,12:00
622,DD509,04/05/18,9:00,12:00
623,DD512,04/05/18,9:00,12:00
624,BT502,04/05/18,9:00,12:00
625,PH410,04/05/18,9:00,12:00
626,CH630,04/05/18,9:00,12:00
627,MA519,04/05/18,9:00,12:00
628,MA591,04/05/18,9:00,12:00
629,MA642,04/05/18,9:00,12:00
630,PH102,04/05/18,14:00,17:00
631,EE657,04/05/18,14:00,17:00
632,CL625,04/05/18,14:00,17:00
633,PH446,04/05/18,14:00,17:00
634,CH419,04/05/18,14:00,17:00
635,DD306,04/05/18,14:00,17:00
636,DD514,04/05/18,14:00,17:00
637,CE311,04/05/18,14:00,17:00
638,ME325,04/05/18,14:00,17:00
639,BT306,04/05/18,14:00,17:00
640,MA373,04/05/18,14:00,17:00
641,CS561,04/05/18,14:00,17:00
642,EE632,04/05/18,14:00,17:00
643,EE646,04/05/18,14:00,17:00
644,EE647,04/05/18,14:00,17:00
645,CE648,04/05/18,14:00,17:00
646,CL625,04/05/18,14:00,17:00
647,MA641,04/05/18,14:00,17:00
648,ME513,04/05/18,14:00,17:00
649,PH545,04/05/18,14:00,17:00
650,CH640,04/05/18,14:00,17:00
651,CS206M,04/04/18,9:00,11:00
652,EE213M,04/04/18,9:00,11:00
653,DD220M,04/04/18,9:00,11:00
654,MA212M,04/04/18,9:00,11:00
655,ME613M,04/04/18,9:00,11:00
656,ME618,04/04/18,9:00,11:00
657,ME619,04/04/18,9:00,11:00
658,BT613,04/04/18,9:00,11:00
659,CL630,04/04/18,9:00,11:00
660,CL635,04/04/18,9:00,11:00
661,PH524,04/04/18,9:00,11:00
662,ME514,04/04/18,9:00,11:00
663,ME613,04/04/18,9:00,11:00
664,ME618,04/04/18,9:00,11:00
665,ME619,04/04/18,9:00,11:00
666,CE615,04/04/18,9:00,11:00
667,MA746,04/04/18,9:00,11:00
668,HS505,04/04/18,9:00,11:00
669,CS350M,04/04/18,14:00,16:00
670,EE322M,04/04/18,14:00,16:00
671,ME321M,04/04/18,14:00,16:00
672,DD320M,04/04/18,14:00,16:00
673,MA312M,04/04/18,14:00,16:00
674,BT618,04/04/18,14:00,16:00
675,PH544,04/04/18,14:00,16:00
676,MA644,04/04/18,14:00,16:00
677,MA691,04/04/18,14:00,16:00
678,BT618,04/04/18,14:00,16:00
679,HS521,04/04/18,14:00,16:00
680,CS206M,05/05/18,9:00,12:00
681,EE213M,05/05/18,9:00,12:00
682,DD220M,05/05/18,9:00,12:00
683,MA212M,05/05/18,9:00,12:00
684,ME613M,05/05/18,9:00,12:00
685,ME618,05/05/18,9:00,12:00
686,ME619,05/05/18,9:00,12:00
687,BT613,05/05/18,9:00,12:00
688,CL630,05/05/18,9:00,12:00
689,CL635,05/05/18,9:00,12:00
690,PH524,05/05/18,9:00,12:00
691,ME514,05/05/18,9:00,12:00
692,ME613,05/05/18,9:00,12:00
693,ME618,05/05/18,9:00,12:00
694,ME619,05/05/18,9:00,12:00
695,CE615,05/05/18,9:00,12:00
696,MA746,05/05/18,9:00,12:00
697,HS505,05/05/18,9:00,12:00
698,CS350M,05/05/18,14:00,17:00
699,EE322M,05/05/18,14:00,17:00
700,ME321M,05/05/18,14:00,17:00
701,DD320M,05/05/18,14:00,17:00
702,MA312M,05/05/18,14:00,17:00
703,BT618,05/05/18,14:00,17:00
704,PH544,05/05/18,14:00,17:00
705,MA644,05/05/18,14:00,17:00
706,MA691,05/05/18,14:00,17:00
707,BT618,05/05/18,14:00,17:00
708,HS521,05/05/18,14:00,17:00